Workbook

Sheet Data Overview
B5: Expectiminimax - Running 100 simulation | F5: Monte Carlo Tree Search - Running 100 simulation
B6: Depth Count | C6: Average Score | D6: Average Run Time (s) | F6: Simulation + Depth | G6: Average Score | H6: Average Run Time (s)
B7: 2 | C7: =Minimax2!$E$4 -> 3659.96 | D7: =Minimax2!$E$5 -> 0.095416 | F7: 10 | G7: =MonteCarlo10!$E$4 -> 2843.88 | H7: =MonteCarlo10!$E$5 -> 1.583023
B8: 3 | C8: =Minimax3!$E$4 -> 30952.92 | D8: =Minimax3!$E$5 -> 4.023706 | F8: 25 | G8: =MonteCarlo25!$E$4 -> 7918.12 | H8: =MonteCarlo25!$E$5 -> 15.583537
B9: 4 | C9: =Minimax4!$E$4 -> 34488.36 | D9: =Minimax4!$E$5 -> 26.905401 | F9: 40 | G9: =MonteCarlo40!$E$4 -> 8821.32 | H9: =MonteCarlo40!$E$5 -> 35.232179
B10: 5 | C10: =Minimax5!$E$4 -> 69107.313 | D10: =Minimax5!$E$5 -> 363.02098 | F10: 50 | G10: =MonteCarlo50!$E$4 -> 8918.6 | H10: =MonteCarlo50!$E$5 -> 48.500145
F11: 75 | G11: =MonteCarlo75!$E$4 -> 11371 | H11: =MonteCarlo75!$E$5 -> 97.980639
F12: 100 | G12: =MonteCarlo100!$E$4 -> 13256.52 | H12: =MonteCarlo100!$E$5 -> 161.44335

Sheet Minimax2
A1: Score | B1: Time
A2: 3684 | B2: 0.0844
A3: 2108 | B3: 0.0654
A4: 2380 | B4: 0.0785 | D4: Average Score | E4: =AVERAGE(A2:A101) -> 3659.96
A5: 3416 | B5: 0.0793 | D5: Average Time | E5: =AVERAGE(B2:B101) -> 0.095416
A6: 3720 | B6: 0.102
A7: 1516 | B7: 0.0608
A8: 4768 | B8: 0.1037
A9: 3356 | B9: 0.1104
A10: 3404 | B10: 0.0821
A11: 3092 | B11: 0.0956
A12: 1420 | B12: 0.0612
A13: 4808 | B13: 0.0967
A14: 1800 | B14: 0.0618
A15: 1700 | B15: 0.0621
A16: 3508 | B16: 0.1026
A17: 1660 | B17: 0.0545
... A101: 4080 | B101: 0.1072

Sheet Minimax3
A1: Score | B1: Time
A2: 15616 | B2: 2.388
A3: 17128 | B3: 2.9384
A4: 28008 | B4: 3.9554 | D4: Average Score | E4: =AVERAGE(A2:A101) -> 30952.92
A5: 59452 | B5: 6.7653 | D5: Average Time | E5: =AVERAGE(B2:B101) -> 4.023706
A6: 27248 | B6: 4.045
A7: 3344 | B7: 0.847
A8: 7052 | B8: 1.4715
A9: 16644 | B9: 2.8215
A10: 16320 | B10: 2.6956
A11: 57388 | B11: 6.8859
A12: 57216 | B12: 7.0085
A13: 52116 | B13: 6.0495
A14: 27716 | B14: 3.9404
A15: 104348 | B15: 9.905
A16: 15688 | B16: 2.4842
A17: 14696 | B17: 2.5532
... A101: 28068 | B101: 3.8564

Sheet Minimax4
A1: Score | B1: Time
A2: 5628 | B2: 10.037
A3: 33232 | B3: 26.2984
A4: 36540 | B4: 26.653 | D4: Average Score | E4: =AVERAGE(A2:A101) -> 34488.36
A5: 32476 | B5: 27.8969 | D5: Average Time | E5: =AVERAGE(B2:B101) -> 26.905401
A6: 6132 | B6: 9.2829
A7: 6352 | B7: 8.4516
A8: 35392 | B8: 28.3015
A9: 28024 | B9: 22.2903
A10: 35888 | B10: 28.4906
A11: 32160 | B11: 29.0702
A12: 38084 | B12: 26.4683
A13: 11028 | B13: 11.9524
A14: 35008 | B14: 27.2837
A15: 27768 | B15: 24.8663
A16: 37844 | B16: 29.7643
A17: 34620 | B17: 28.4982
... A101: 52488 | B101: 38.0997

Sheet Minimax5
A1: Score | B1: Time
A2: 69752 | B2: 382.6823
A3: 27556 | B3: 208.0305
A4: 128196 | B4: 599.2698 | D4: Average Score | E4: =AVERAGE(A3:A102) -> 69107.313
A5: 61392 | B5: 353.8692 | D5: Average Time | E5: =AVERAGE(B3:B102) -> 363.02098
A6: 71468 | B6: 393.9551
A7: 75584 | B7: 405.4698
A8: 61204 | B8: 360.6211
A9: 135220 | B9: 590.609
A10: 30788 | B10: 210.9575
A11: 58880 | B11: 310.5307
A12: 68172 | B12: 348.9107
A13: 74088 | B13: 415.9034
A14: 122280 | B14: 586.2021
A15: 70696 | B15: 386.1128
A16: 51472 | B16: 304.5923
A17: 66064 | B17: 358.7769
... A101: 76392 | B101: 379.6583

Sheet MonteCarlo10
A1: Score | B1: Time
A2: 2904 | B2: 1.7001
A3: 2692 | B3: 1.5104
A4: 3080 | B4: 1.7702 | D4: Average Score | E4: =AVERAGE(A2:A101) -> 2843.88
A5: 2348 | B5: 1.3924 | D5: Average Time | E5: =AVERAGE(B2:B101) -> 1.583023
A6: 6804 | B6: 3.1078
A7: 1052 | B7: 0.8001
A8: 1144 | B8: 0.8731
A9: 1344 | B9: 1.0101
A10: 2396 | B10: 1.4349
A11: 2376 | B11: 1.4047
A12: 2428 | B12: 1.4685
A13: 4696 | B13: 2.2055
A14: 1180 | B14: 0.8748
A15: 1212 | B15: 0.909
A16: 2868 | B16: 1.5911
A17: 2744 | B17: 1.4865
... A101: 4620 | B101: 2.1199

Sheet MonteCarlo25
A1: Score | B1: Time
A2: 9456 | B2: 16.8925
A3: 6808 | B3: 14.2467
A4: 13984 | B4: 23.6431 | D4: Average Score | E4: =AVERAGE(A2:A101) -> 7918.12
A5: 14324 | B5: 24.9584 | D5: Average Time | E5: =AVERAGE(B2:B101) -> 15.583537
A6: 26136 | B6: 38.8269
A7: 7232 | B7: 15.6711
A8: 7056 | B8: 14.7258
A9: 7184 | B9: 15.7076
A10: 7208 | B10: 15.0374
A11: 12516 | B11: 22.3966
A12: 4436 | B12: 10.3828
A13: 2364 | B13: 7.4978
A14: 1496 | B14: 5.5019
A15: 3220 | B15: 9.1142
A16: 1652 | B16: 5.3315
A17: 5232 | B17: 12.7589
... A101: 6008 | B101: 13.392

Sheet MonteCarlo40
A1: Score | B1: Time
A2: 6656 | B2: 29.0788
A3: 15628 | B3: 50.9528
A4: 6900 | B4: 31.4415 | D4: Average Score | E4: =AVERAGE(A2:A101) -> 8821.32
A5: 7056 | B5: 30.4751 | D5: Average Time | E5: =AVERAGE(B2:B101) -> 35.232179
A6: 6312 | B6: 29.8918
A7: 7052 | B7: 32.2861
A8: 15776 | B8: 51.8979
A9: 3064 | B9: 18.545
A10: 11032 | B10: 41.5546
A11: 6308 | B11: 30.8275
A12: 5348 | B12: 26.8431
A13: 6372 | B13: 30.3556
A14: 12316 | B14: 44.9187
A15: 7072 | B15: 32.8397
A16: 7044 | B16: 31.2528
A17: 3620 | B17: 20.8654
... A101: 11396 | B101: 43.4899

Sheet MonteCarlo50
A1: Score | B1: Time
A2: 12156 | B2: 59.5992
A3: 2908 | B3: 25.7955
A4: 14388 | B4: 68.7139 | D4: Average Score | E4: =AVERAGE(A2:A101) -> 8918.6
A5: 1144 | B5: 15.5958 | D5: Average Time | E5: =AVERAGE(B2:B101) -> 48.500145
A6: 14892 | B6: 70.538
A7: 5924 | B7: 38.3446
A8: 14348 | B8: 67.9824
A9: 7072 | B9: 43.7735
A10: 16000 | B10: 69.2523
A11: 6104 | B11: 39.1865
A12: 14252 | B12: 63.6443
A13: 12100 | B13: 61.0585
A14: 7024 | B14: 42.6105
A15: 6176 | B15: 36.884
A16: 10624 | B16: 54.2758
A17: 11788 | B17: 58.0462
... A101: 6800 | B101: 44.4192

Sheet MonteCarlo75
A1: Score | B1: Time
A2: 23196 | B2: 148.8177
A3: 7060 | B3: 81.661
A4: 14204 | B4: 112.0828 | D4: Average Score | E4: =AVERAGE(A2:A101) -> 11371
A5: 7336 | B5: 81.1982 | D5: Average Time | E5: =AVERAGE(B2:B101) -> 97.980639
A6: 11028 | B6: 101.573
A7: 12048 | B7: 92.285
A8: 5412 | B8: 68.6883
A9: 13120 | B9: 100.7722
A10: 12092 | B10: 102.5117
A11: 9176 | B11: 90.2757
A12: 11624 | B12: 100.0333
A13: 14404 | B13: 116.4228
A14: 14208 | B14: 110.7975
A15: 10692 | B15: 89.3951
A16: 6436 | B16: 72.8871
A17: 15604 | B17: 115.7757
... A101: 6924 | B101: 79.0474

Sheet MonteCarlo100
A1: Score | B1: Time
A2: 16084 | B2: 172.4806
A3: 19056 | B3: 200.5524
A4: 7084 | B4: 117.0605 | D4: Average Score | E4: =AVERAGE(A2:A101) -> 13256.52
A5: 7044 | B5: 111.5471 | D5: Average Time | E5: =AVERAGE(B2:B101) -> 161.44335
A6: 15976 | B6: 177.8222
A7: 16480 | B7: 205.7891
A8: 26352 | B8: 335.0732
A9: 3060 | B9: 99.9889
A10: 16152 | B10: 243.9248
A11: 14392 | B11: 213.1592
A12: 11492 | B12: 194.3407
A13: 23728 | B13: 290.9866
A14: 14424 | B14: 184.5169
A15: 16096 | B15: 176.67
A16: 7008 | B16: 121.4768
A17: 16200 | B17: 189.016
... A101: 11928 | B101: 136.81
